{"cameraMode":{"drawMode":0,"name":"Shaded","section":"Shading Mode"},"sceneLighting":true,"audioPlay":false,"sceneViewState":{"showFog":true,"showMaterialUpdate":false,"showSkybox":true,"showFlares":true,"showImageEffects":true,"showParticleSystems":true},"in2DMode":false,"pivot":{"x":2.4881510734558107,"y":1.057429313659668,"z":6.2503767013549809},"rotation":{"x":-0.11102551966905594,"y":0.6190146207809448,"z":-0.08905420452356339,"w":-0.7724195122718811},"size":10.698080062866211,"orthographic":false}